ID,Education
0,12th Pass
1,8th Pass
2,Graduate Professional
3,Post Graduate
4,Graduate
5,Graduate
6,Post Graduate
7,Graduate Professional
8,Graduate
9,8th Pass
10,Graduate Professional
11,Graduate
12,10th Pass
13,Post Graduate
14,Graduate Professional
15,Graduate Professional
16,Graduate
17,Graduate Professional
18,Post Graduate
19,Post Graduate
20,Graduate
21,Graduate
22,Graduate Professional
23,Graduate
24,Graduate
25,Graduate Professional
26,Post Graduate
27,Post Graduate
28,Post Graduate
29,Graduate Professional
30,Post Graduate
31,12th Pass
32,10th Pass
33,Graduate
34,12th Pass
35,Graduate
36,Graduate Professional
37,12th Pass
38,Graduate
39,Graduate
40,Graduate Professional
41,Post Graduate
42,Post Graduate
43,Post Graduate
44,Graduate Professional
45,Graduate Professional
46,8th Pass
47,12th Pass
48,Post Graduate
49,Graduate
50,Graduate Professional
51,Graduate Professional
52,Graduate
53,12th Pass
54,Graduate Professional
55,Graduate
56,12th Pass
57,12th Pass
58,Graduate
59,10th Pass
60,Graduate
61,Graduate
62,12th Pass
63,Graduate
64,12th Pass
65,Graduate
66,Graduate Professional
67,Graduate
68,Post Graduate
69,Graduate Professional
70,Graduate
71,10th Pass
72,Post Graduate
73,Post Graduate
74,Graduate
75,12th Pass
76,Doctorate
77,Graduate
78,Post Graduate
79,Graduate Professional
80,12th Pass
81,Post Graduate
82,Post Graduate
83,Graduate Professional
84,Post Graduate
85,Post Graduate
86,Post Graduate
87,Graduate Professional
88,Graduate
89,Post Graduate
90,Graduate
91,12th Pass
92,Graduate
93,12th Pass
94,Graduate
95,Post Graduate
96,Post Graduate
97,10th Pass
98,Graduate
99,Graduate
100,12th Pass
101,Graduate
102,Graduate
103,Graduate
104,Graduate
105,Others
106,Graduate Professional
107,10th Pass
108,Graduate
109,10th Pass
110,12th Pass
111,12th Pass
112,8th Pass
113,Graduate Professional
114,10th Pass
115,Graduate
116,Graduate
117,Graduate
118,Graduate Professional
119,Post Graduate
120,10th Pass
121,Graduate
122,12th Pass
123,10th Pass
124,12th Pass
125,12th Pass
126,Post Graduate
127,12th Pass
128,Post Graduate
129,Graduate
130,Graduate Professional
131,8th Pass
132,Graduate
133,Graduate
134,Graduate
135,Graduate Professional
136,12th Pass
137,Graduate Professional
138,Graduate
139,Post Graduate
140,10th Pass
141,12th Pass
142,Graduate
143,Post Graduate
144,Doctorate
145,12th Pass
146,Post Graduate
147,Graduate
148,8th Pass
149,Graduate Professional
150,Graduate
151,Graduate
152,Graduate
153,Graduate Professional
154,12th Pass
155,Graduate
156,Post Graduate
157,Post Graduate
158,Graduate
159,12th Pass
160,12th Pass
161,Post Graduate
162,12th Pass
163,Graduate
164,Graduate Professional
165,Post Graduate
166,12th Pass
167,Graduate
168,Graduate Professional
169,Graduate
170,8th Pass
171,Graduate
172,Post Graduate
173,Graduate
174,Graduate Professional
175,Post Graduate
176,12th Pass
177,10th Pass
178,Post Graduate
179,Graduate Professional
180,Post Graduate
181,Graduate Professional
182,Graduate
183,Graduate
184,Graduate
185,Graduate Professional
186,Graduate
187,12th Pass
188,Graduate
189,Post Graduate
190,Graduate
191,Graduate
192,10th Pass
193,Post Graduate
194,Graduate Professional
195,Graduate
196,Graduate
197,Graduate
198,8th Pass
199,Graduate
200,12th Pass
201,Post Graduate
202,Graduate
203,Graduate
204,Graduate Professional
205,10th Pass
206,Graduate
207,10th Pass
208,10th Pass
209,12th Pass
210,Graduate
211,12th Pass
212,Post Graduate
213,12th Pass
214,10th Pass
215,12th Pass
216,Post Graduate
217,Post Graduate
218,10th Pass
219,Doctorate
220,12th Pass
221,Graduate
222,Post Graduate
223,Graduate
224,Graduate Professional
225,Graduate
226,Post Graduate
227,Post Graduate
228,Post Graduate
229,12th Pass
230,12th Pass
231,Graduate
232,Graduate
233,Graduate Professional
234,10th Pass
235,Graduate
236,Post Graduate
237,12th Pass
238,12th Pass
239,Graduate Professional
240,Post Graduate
241,Post Graduate
242,Graduate
243,Graduate
244,8th Pass
245,Post Graduate
246,12th Pass
247,Graduate Professional
248,Graduate
249,Literate
250,Graduate Professional
251,Post Graduate
252,Doctorate
253,12th Pass
254,Graduate Professional
255,12th Pass
256,Graduate
257,12th Pass
258,Graduate
259,Post Graduate
260,Graduate Professional
261,Post Graduate
262,Graduate
263,8th Pass
264,12th Pass
265,Post Graduate
266,10th Pass
267,Post Graduate
268,Graduate
269,Post Graduate
270,Graduate
271,Graduate Professional
272,Graduate
273,Post Graduate
274,12th Pass
275,12th Pass
276,12th Pass
277,Graduate
278,Graduate
279,Graduate
280,Graduate
281,10th Pass
282,Graduate
283,Graduate
284,Graduate
285,Post Graduate
286,Graduate
287,Graduate Professional
288,12th Pass
289,Graduate
290,Graduate
291,Post Graduate
292,12th Pass
293,Doctorate
294,12th Pass
295,Post Graduate
296,Graduate
297,Graduate Professional
298,Post Graduate
299,Graduate
300,Graduate Professional
301,Graduate
302,Graduate
303,Post Graduate
304,Post Graduate
305,12th Pass
306,Post Graduate
307,Post Graduate
308,Graduate
309,Post Graduate
310,Post Graduate
311,10th Pass
312,10th Pass
313,Graduate
314,Graduate
315,Graduate
316,Graduate Professional
317,10th Pass
318,Graduate
319,Graduate
320,Graduate
321,Graduate
322,Post Graduate
323,Graduate Professional
324,Post Graduate
325,Post Graduate
326,Post Graduate
327,Post Graduate
328,Post Graduate
329,Graduate
330,Graduate Professional
331,Post Graduate
332,Graduate
333,Graduate
334,12th Pass
335,Graduate
336,10th Pass
337,Post Graduate
338,Graduate
339,Graduate
340,Graduate Professional
341,Graduate Professional
342,10th Pass
343,12th Pass
344,Graduate
345,12th Pass
346,Others
347,Graduate
348,Post Graduate
349,12th Pass
350,Graduate Professional
351,Graduate Professional
352,Post Graduate
353,Graduate
354,Graduate
355,8th Pass
356,Graduate
357,Graduate
358,Post Graduate
359,Graduate
360,Graduate
361,12th Pass
362,Post Graduate
363,Post Graduate
364,10th Pass
365,Graduate Professional
366,Doctorate
367,Post Graduate
368,Graduate
369,Graduate
370,Graduate Professional
371,Graduate Professional
372,Graduate Professional
373,Post Graduate
374,Doctorate
375,Post Graduate
376,Graduate
377,Literate
378,12th Pass
379,12th Pass
380,Graduate
381,12th Pass
382,Graduate Professional
383,Graduate
384,Graduate
385,Graduate
386,10th Pass
387,Post Graduate
388,Post Graduate
389,Graduate
390,Graduate Professional
391,12th Pass
392,Graduate Professional
393,10th Pass
394,10th Pass
395,Graduate
396,12th Pass
397,Graduate Professional
398,Graduate Professional
399,Doctorate
400,Graduate Professional
401,Graduate Professional
402,Graduate Professional
403,Others
404,Graduate
405,Graduate
406,Graduate
407,12th Pass
408,Post Graduate
409,12th Pass
410,Graduate
411,10th Pass
412,Post Graduate
413,10th Pass
414,Graduate Professional
415,Graduate Professional
416,Graduate
417,10th Pass
418,Post Graduate
419,Graduate
420,Graduate
421,Graduate Professional
422,12th Pass
423,Post Graduate
424,Graduate
425,Post Graduate
426,Graduate
427,Graduate
428,12th Pass
429,Graduate
430,Post Graduate
431,Graduate
432,Post Graduate
433,Graduate Professional
434,Graduate
435,Graduate Professional
436,Post Graduate
437,Graduate Professional
438,12th Pass
439,Post Graduate
440,Post Graduate
441,Graduate Professional
442,Graduate
443,Graduate
444,Graduate Professional
445,Post Graduate
446,Graduate Professional
447,Post Graduate
448,Post Graduate
449,8th Pass
450,12th Pass
451,Post Graduate
452,Post Graduate
453,Graduate Professional
454,Graduate Professional
455,Graduate
456,12th Pass
457,10th Pass
458,10th Pass
459,Post Graduate
460,Post Graduate
461,Graduate Professional
462,Graduate Professional
463,10th Pass
464,Graduate
465,Post Graduate
466,Graduate Professional
467,12th Pass
468,Graduate
469,Graduate Professional
470,Graduate
471,Post Graduate
472,Graduate Professional
473,10th Pass
474,Graduate
475,12th Pass
476,12th Pass
477,12th Pass
478,12th Pass
479,Graduate
480,Graduate
481,Graduate
482,Graduate Professional
483,Graduate Professional
484,Graduate Professional
485,Post Graduate
486,Graduate
487,Graduate
488,Literate
489,12th Pass
490,Graduate
491,Graduate
492,Graduate
493,10th Pass
494,Graduate Professional
495,Graduate
496,Graduate
497,Post Graduate
498,Graduate
499,12th Pass
500,Post Graduate
501,10th Pass
502,Graduate
503,Graduate
504,Graduate
505,Graduate
506,12th Pass
507,Graduate Professional
508,Graduate Professional
509,Post Graduate
510,Graduate Professional
511,Graduate
512,Graduate
513,Graduate
514,Graduate
515,12th Pass
516,12th Pass
517,Graduate
518,Graduate
519,Graduate
520,Graduate Professional
521,Graduate
522,Graduate Professional
523,12th Pass
524,Graduate
525,Graduate
526,Graduate
527,Graduate Professional
528,Graduate
529,Graduate Professional
530,Post Graduate
531,Post Graduate
532,10th Pass
533,Graduate Professional
534,12th Pass
535,Post Graduate
536,12th Pass
537,Graduate Professional
538,Post Graduate
539,12th Pass
540,Graduate
541,Graduate
542,Post Graduate
543,Graduate
544,Graduate
545,Graduate
546,Graduate Professional
547,12th Pass
548,Graduate
549,12th Pass
550,Graduate
551,Post Graduate
552,Post Graduate
553,Graduate Professional
554,Post Graduate
555,Post Graduate
556,Post Graduate
557,12th Pass
558,Graduate
559,Graduate
560,12th Pass
561,Post Graduate
562,10th Pass
563,Post Graduate
564,12th Pass
565,Graduate
566,Post Graduate
567,Graduate
568,Graduate
569,Post Graduate
570,Graduate
571,10th Pass
572,Graduate
573,12th Pass
574,12th Pass
575,Graduate
576,Graduate
577,12th Pass
578,Graduate
579,Graduate Professional
580,12th Pass
581,10th Pass
582,12th Pass
583,Graduate
584,10th Pass
585,Graduate Professional
586,Graduate Professional
587,Graduate
588,Graduate
589,Post Graduate
590,Graduate
591,Graduate Professional
592,12th Pass
593,Graduate Professional
594,Graduate
595,Graduate Professional
596,10th Pass
597,Graduate
598,Graduate
599,Post Graduate
600,Graduate
601,Post Graduate
602,Post Graduate
603,Post Graduate
604,Graduate
605,10th Pass
606,Graduate
607,Graduate
608,12th Pass
609,12th Pass
610,Graduate
611,Post Graduate
612,Graduate Professional
613,Post Graduate
614,10th Pass
615,Graduate
616,10th Pass
617,Post Graduate
618,10th Pass
619,Graduate Professional
620,Graduate Professional
621,Graduate Professional
622,Post Graduate
623,Graduate
624,Graduate
625,Graduate
626,Graduate
627,Graduate Professional
628,Graduate
629,10th Pass
630,10th Pass
631,Post Graduate
632,Graduate
633,Post Graduate
634,Graduate
635,Graduate Professional
636,Graduate
637,Graduate
638,12th Pass
639,Graduate Professional
640,Graduate
641,Post Graduate
642,Graduate
643,Post Graduate
644,5th Pass
645,Graduate Professional
646,12th Pass
647,Post Graduate
648,10th Pass
649,Graduate Professional
650,Graduate
651,Graduate
652,Post Graduate
653,Post Graduate
654,Graduate
655,Graduate
656,Post Graduate
657,Graduate
658,Graduate
659,Graduate
660,10th Pass
661,Graduate Professional
662,Graduate
663,Graduate
664,Post Graduate
665,Graduate
666,Post Graduate
667,12th Pass
668,Graduate
669,12th Pass
670,Graduate
671,Graduate
672,12th Pass
673,Post Graduate
674,Graduate
675,12th Pass
676,10th Pass
677,Graduate
678,Graduate Professional
679,Post Graduate
680,Post Graduate
681,Graduate
682,Post Graduate
683,Graduate
684,12th Pass
685,12th Pass
686,Post Graduate
687,Graduate
688,Graduate
689,Literate
690,Graduate
691,Post Graduate
692,Graduate Professional
693,Graduate
694,Graduate
695,Graduate
696,12th Pass
697,Graduate
698,10th Pass
699,10th Pass
700,Post Graduate
701,Graduate Professional
702,Post Graduate
703,Graduate
704,Graduate Professional
705,Graduate Professional
706,Post Graduate
707,Graduate
708,Graduate
709,Graduate
710,Graduate Professional
711,Graduate Professional
712,12th Pass
713,Post Graduate
714,Graduate
715,Graduate Professional
716,Graduate Professional
717,Graduate Professional
718,Graduate
719,Post Graduate
720,12th Pass
721,Graduate
722,Graduate
723,Graduate
724,Graduate
725,Post Graduate
726,12th Pass
727,Graduate
728,Graduate Professional
729,12th Pass
730,Graduate
731,Graduate Professional
732,10th Pass
733,Graduate Professional
734,Post Graduate
735,10th Pass
736,Graduate
737,12th Pass
738,Post Graduate
739,Post Graduate
740,Graduate
741,Post Graduate
742,Graduate Professional
743,Post Graduate
744,Post Graduate
745,Graduate
746,Post Graduate
747,12th Pass
748,Post Graduate
749,Graduate
750,10th Pass
751,Graduate
752,12th Pass
753,Post Graduate
754,Graduate
755,Graduate Professional
756,Graduate
757,10th Pass
758,Graduate Professional
759,Graduate
760,10th Pass
761,Post Graduate
762,12th Pass
763,Graduate
764,Graduate
765,10th Pass
766,Graduate
767,Post Graduate
768,Graduate Professional
769,Post Graduate
770,Graduate
771,Post Graduate
772,Graduate
773,Graduate
774,Graduate
775,Graduate Professional
776,Graduate
777,Graduate
778,12th Pass
779,12th Pass
780,Post Graduate
781,Graduate
782,Post Graduate
783,Graduate
784,Doctorate
785,Post Graduate
786,Graduate Professional
787,Graduate
788,Graduate
789,Post Graduate
790,Post Graduate
791,Graduate
792,12th Pass
793,12th Pass
794,Graduate
795,Graduate
796,Graduate
797,12th Pass
798,12th Pass
799,Graduate
800,Graduate Professional
801,Graduate Professional
802,10th Pass
803,12th Pass
804,Graduate
805,Post Graduate
806,Graduate
807,Graduate Professional
808,Post Graduate
809,Post Graduate
810,Graduate
811,Graduate
812,Post Graduate
813,Graduate
814,Graduate
815,Post Graduate
816,Post Graduate
817,12th Pass
818,Graduate Professional
819,Graduate Professional
820,Graduate
821,Graduate
822,Graduate
823,12th Pass
824,Graduate Professional
825,Graduate Professional
826,12th Pass
827,12th Pass
828,12th Pass
829,Graduate
830,Post Graduate
831,Graduate
832,Graduate
833,Post Graduate
834,Post Graduate
835,12th Pass
836,Graduate Professional
837,Graduate
838,Post Graduate
839,Post Graduate
840,Graduate
841,Graduate
842,Graduate Professional
843,Post Graduate
844,Graduate Professional
845,10th Pass
846,10th Pass
847,Graduate
848,Graduate Professional
849,Graduate
850,Graduate Professional
851,12th Pass
852,Graduate
853,12th Pass
854,Post Graduate
855,Graduate
856,Graduate Professional
857,Graduate
858,10th Pass
859,Graduate
860,10th Pass
861,Post Graduate
862,Graduate Professional
863,Post Graduate
864,10th Pass
865,Post Graduate
866,Graduate Professional
867,Post Graduate
868,Graduate Professional
869,Graduate
870,12th Pass
871,12th Pass
872,Graduate
873,Post Graduate
874,12th Pass
875,Graduate
876,Graduate Professional
877,Graduate
878,Graduate Professional
879,Graduate
880,Graduate Professional
881,Post Graduate
882,12th Pass
883,8th Pass
884,12th Pass
885,Graduate Professional
886,Post Graduate
887,10th Pass
888,Graduate Professional
889,Graduate
890,Post Graduate
891,12th Pass
892,8th Pass
893,10th Pass
894,12th Pass
895,10th Pass
896,Graduate Professional
897,Graduate
898,12th Pass
899,8th Pass
900,Graduate
901,Graduate
902,Graduate
903,Post Graduate
904,Post Graduate
905,12th Pass
906,Graduate
907,Post Graduate
908,10th Pass
909,Post Graduate
910,Graduate
911,Graduate
912,Post Graduate
913,Graduate
914,12th Pass
915,Graduate
916,Graduate
917,Post Graduate
918,Post Graduate
919,Graduate
920,12th Pass
921,Post Graduate
922,Post Graduate
923,Post Graduate
924,12th Pass
925,10th Pass
926,Post Graduate
927,12th Pass
928,Graduate
929,Graduate Professional
930,10th Pass
931,Graduate Professional
932,Post Graduate
933,12th Pass
934,Graduate
935,Graduate Professional
936,10th Pass
937,10th Pass
938,Graduate Professional
939,12th Pass
940,Graduate
941,Post Graduate
942,Graduate
943,Post Graduate
944,Post Graduate
945,12th Pass
946,10th Pass
947,Graduate
948,Post Graduate
949,Post Graduate
950,12th Pass
951,Graduate
952,Graduate
953,Graduate
954,Graduate
955,10th Pass
956,10th Pass
957,Graduate
958,Graduate
959,Graduate
960,Graduate
961,12th Pass
962,Graduate
963,Graduate
964,Graduate Professional
965,Graduate Professional
966,Graduate Professional
967,Post Graduate
968,Graduate
969,Graduate
970,Graduate
971,10th Pass
972,10th Pass
973,Graduate
974,10th Pass
975,Graduate Professional
976,Graduate
977,Graduate Professional
978,Graduate
979,Graduate Professional
980,Post Graduate
981,Graduate
982,Graduate
983,Post Graduate
984,Graduate
985,Graduate
986,Graduate
987,12th Pass
988,Post Graduate
989,Graduate Professional
990,Graduate
991,Post Graduate
992,Graduate Professional
993,Graduate
994,10th Pass
995,Graduate Professional
996,12th Pass
997,12th Pass
998,Post Graduate
999,12th Pass
1000,Graduate
1001,Graduate
1002,Post Graduate
1003,Post Graduate
1004,12th Pass
1005,8th Pass
1006,Post Graduate
1007,Post Graduate
1008,Graduate
1009,10th Pass
1010,Post Graduate
1011,10th Pass
1012,Post Graduate
1013,Graduate Professional
1014,12th Pass
1015,Post Graduate
1016,Graduate
1017,Post Graduate
1018,Graduate Professional
1019,Graduate Professional
1020,Graduate
1021,12th Pass
1022,Graduate
1023,12th Pass
1024,Graduate Professional
1025,10th Pass
1026,Graduate Professional
1027,Graduate
1028,12th Pass
1029,Graduate
1030,Post Graduate
1031,Post Graduate
1032,12th Pass
1033,12th Pass
1034,8th Pass
1035,Post Graduate
1036,Post Graduate
1037,12th Pass
1038,Graduate
1039,Graduate
1040,Graduate Professional
1041,Graduate
1042,Graduate
1043,12th Pass
1044,12th Pass
1045,Graduate Professional
1046,Graduate
1047,12th Pass
1048,12th Pass
1049,Post Graduate
1050,Graduate
1051,Graduate Professional
1052,Graduate
1053,Graduate
1054,Graduate Professional
1055,Graduate Professional
1056,Post Graduate
1057,Graduate
1058,Graduate
1059,10th Pass
1060,12th Pass
1061,Graduate
1062,Graduate
1063,12th Pass
1064,Graduate
1065,12th Pass
1066,12th Pass
1067,Graduate
1068,12th Pass
1069,Graduate
1070,12th Pass
1071,Graduate Professional
1072,Graduate
1073,Graduate
1074,Graduate
1075,12th Pass
1076,Graduate
1077,Post Graduate
1078,Graduate
1079,Graduate
1080,12th Pass
1081,Post Graduate
1082,Post Graduate
1083,Post Graduate
1084,Post Graduate
1085,12th Pass
1086,Graduate
1087,Graduate
1088,Graduate Professional
1089,10th Pass
1090,12th Pass
1091,Graduate Professional
1092,Graduate
1093,10th Pass
1094,Graduate
1095,Graduate
1096,10th Pass
1097,8th Pass
1098,Graduate Professional
1099,Graduate Professional
1100,10th Pass
1101,12th Pass
1102,Graduate
1103,Graduate
1104,Graduate Professional
1105,Graduate Professional
1106,Graduate
1107,Graduate
1108,Graduate
1109,Graduate
1110,12th Pass
1111,12th Pass
1112,Graduate
1113,Post Graduate
1114,10th Pass
1115,Graduate Professional
1116,Post Graduate
1117,Graduate
1118,Graduate
1119,12th Pass
1120,Graduate
1121,Graduate
1122,10th Pass
1123,Graduate
1124,Graduate Professional
1125,Graduate
1126,10th Pass
1127,10th Pass
1128,12th Pass
1129,Graduate
1130,Graduate Professional
1131,Graduate
1132,Graduate
1133,Post Graduate
1134,Graduate
1135,12th Pass
1136,Graduate
1137,12th Pass
1138,Graduate
1139,Graduate
1140,Post Graduate
1141,Graduate
1142,Post Graduate
1143,Graduate
1144,Graduate
1145,Graduate
1146,Post Graduate
1147,Graduate
1148,Graduate
1149,10th Pass
1150,Graduate Professional
1151,Graduate
1152,Post Graduate
1153,Graduate
1154,Graduate Professional
1155,12th Pass
1156,12th Pass
1157,Post Graduate
1158,Graduate Professional
1159,Graduate
1160,Graduate
1161,Graduate Professional
1162,Graduate
1163,Post Graduate
1164,Post Graduate
1165,Post Graduate
1166,Graduate
1167,Graduate
1168,Graduate
1169,Post Graduate
1170,12th Pass
1171,Graduate
1172,Graduate Professional
1173,Graduate
1174,Graduate
1175,Others
1176,Graduate
1177,Graduate
1178,12th Pass
1179,12th Pass
1180,Graduate
1181,Post Graduate
1182,12th Pass
1183,Graduate
1184,12th Pass
1185,Graduate Professional
1186,Graduate
1187,Graduate
1188,Post Graduate
1189,Graduate
1190,Graduate
1191,12th Pass
1192,Graduate Professional
1193,Post Graduate
1194,Graduate
1195,Post Graduate
1196,10th Pass
1197,Graduate Professional
1198,12th Pass
1199,Graduate Professional
1200,12th Pass
1201,10th Pass
1202,Graduate Professional
1203,12th Pass
1204,12th Pass
1205,12th Pass
1206,Post Graduate
1207,Post Graduate
1208,Post Graduate
1209,Graduate
1210,12th Pass
1211,Graduate
1212,Post Graduate
1213,10th Pass
1214,10th Pass
1215,Graduate
1216,Graduate Professional
1217,Post Graduate
1218,Graduate
1219,Post Graduate
1220,Graduate
1221,Post Graduate
1222,Post Graduate
1223,Graduate
1224,12th Pass
1225,Post Graduate
1226,12th Pass
1227,Graduate
1228,10th Pass
1229,Graduate Professional
1230,Graduate Professional
1231,Post Graduate
1232,Graduate
1233,Post Graduate
1234,Post Graduate
1235,Graduate Professional
1236,Graduate Professional
1237,Post Graduate
1238,Graduate Professional
1239,Graduate Professional
1240,Graduate Professional
1241,Post Graduate
1242,12th Pass
1243,Graduate Professional
1244,Graduate Professional
1245,Post Graduate
1246,12th Pass
1247,Graduate Professional
1248,Post Graduate
1249,Post Graduate
1250,Graduate Professional
1251,Graduate
1252,12th Pass
1253,10th Pass
1254,Graduate Professional
1255,Post Graduate
1256,Post Graduate
1257,Post Graduate
1258,Graduate
1259,Graduate
1260,Post Graduate
1261,Post Graduate
1262,5th Pass
1263,Post Graduate
1264,Post Graduate
1265,Graduate
1266,Graduate Professional
1267,Post Graduate
1268,Graduate Professional
1269,Graduate
1270,Post Graduate
1271,Graduate
1272,Graduate
1273,Graduate
1274,Graduate Professional
1275,Doctorate
1276,Graduate
1277,10th Pass
1278,Post Graduate
1279,Post Graduate
1280,Post Graduate
1281,Post Graduate
1282,Graduate
1283,Post Graduate
1284,Graduate Professional
1285,Graduate
1286,12th Pass
1287,Post Graduate
1288,10th Pass
1289,Post Graduate
1290,Graduate Professional
1291,12th Pass
1292,Graduate Professional
1293,Graduate
1294,Post Graduate
1295,Graduate
1296,Graduate
1297,Graduate
1298,Graduate Professional
1299,10th Pass
1300,12th Pass
1301,Graduate
1302,Graduate
1303,Graduate
1304,Post Graduate
1305,Graduate
1306,12th Pass
1307,Post Graduate
1308,Post Graduate
1309,Post Graduate
1310,Graduate
1311,Graduate
1312,Graduate
1313,Graduate
1314,10th Pass
1315,12th Pass
1316,Graduate
1317,10th Pass
1318,Graduate
1319,Post Graduate
1320,Graduate
1321,Graduate
1322,Graduate
1323,Graduate Professional
1324,Graduate
1325,Graduate Professional
1326,Graduate
1327,10th Pass
1328,Graduate Professional
1329,Post Graduate
1330,12th Pass
1331,Post Graduate
1332,12th Pass
1333,Graduate
1334,Post Graduate
1335,Post Graduate
1336,Post Graduate
1337,10th Pass
1338,Graduate Professional
1339,Graduate
1340,Post Graduate
1341,Graduate
1342,10th Pass
1343,Graduate
1344,Graduate
1345,Graduate
1346,Graduate
1347,Post Graduate
1348,10th Pass
1349,12th Pass
1350,Post Graduate
1351,Graduate
1352,Graduate
1353,Graduate Professional
1354,Graduate
1355,Graduate
1356,Doctorate
1357,Post Graduate
1358,Graduate
1359,Graduate Professional
1360,Post Graduate
1361,Graduate
1362,Post Graduate
1363,Graduate Professional
1364,Post Graduate
1365,Post Graduate
1366,Graduate
1367,Post Graduate
1368,10th Pass
1369,Post Graduate
1370,Post Graduate
1371,Post Graduate
1372,Post Graduate
1373,Post Graduate
